sample_ids,sample_event_number,sample_bin_code,sample_number,location_code,first_sample_year,first_sample_date
BTC22_10_B_1,10,B,1,BTC,22,2022-01-01
BTC22_10_B_2,10,B,2,BTC,22,2022-01-01
BTC22_10_B_3,10,B,3,BTC,22,2022-01-01
BTC22_10_C_1,10,C,1,BTC,22,2022-01-01
BTC22_10_C_2,10,C,2,BTC,22,2022-01-01
BTC22_10_C_3,10,C,3,BTC,22,2022-01-01
BTC22_10_C_4,10,C,4,BTC,22,2022-01-01
BTC22_10_C_5,10,C,5,BTC,22,2022-01-01
BTC22_10_C_6,10,C,6,BTC,22,2022-01-01
BTC22_10_C_7,10,C,7,BTC,22,2022-01-01
BTC22_10_C_8,10,C,8,BTC,22,2022-01-01
BTC22_2_A_1,2,A,1,BTC,22,2022-01-01
BTC22_2_A_2,2,A,2,BTC,22,2022-01-01
BTC22_2_A_3,2,A,3,BTC,22,2022-01-01
BTC22_3_A_1,3,A,1,BTC,22,2022-01-01
BTC22_3_A_2,3,A,2,BTC,22,2022-01-01
BTC22_4_B_1,4,B,1,BTC,22,2022-01-01
BTC22_4_B_2,4,B,2,BTC,22,2022-01-01
BTC22_4_B_3,4,B,3,BTC,22,2022-01-01
BTC22_6_B_1,6,B,1,BTC,22,2022-01-01
BTC22_6_B_2,6,B,2,BTC,22,2022-01-01
BTC22_6_C_1,6,C,1,BTC,22,2022-01-01
BTC22_7_A_1,7,A,1,BTC,22,2022-01-01
BTC22_7_B_1,7,B,1,BTC,22,2022-01-01
BTC22_7_B_2,7,B,2,BTC,22,2022-01-01
BTC22_7_B_3,7,B,3,BTC,22,2022-01-01
BTC22_7_B_4,7,B,4,BTC,22,2022-01-01
BTC22_7_C_1,7,C,1,BTC,22,2022-01-01
BTC22_7_C_2,7,C,2,BTC,22,2022-01-01
BTC22_7_C_3,7,C,3,BTC,22,2022-01-01
BTC22_8_A_1,8,A,1,BTC,22,2022-01-01
BTC22_8_A_2,8,A,2,BTC,22,2022-01-01
BTC22_8_A_3,8,A,3,BTC,22,2022-01-01
BTC22_8_B_1,8,B,1,BTC,22,2022-01-01
BTC22_8_B_2,8,B,2,BTC,22,2022-01-01
BTC22_8_B_3,8,B,3,BTC,22,2022-01-01
BTC22_8_C_1,8,C,1,BTC,22,2022-01-01
BTC22_8_C_2,8,C,2,BTC,22,2022-01-01
BTC22_8_C_3,8,C,3,BTC,22,2022-01-01
BTC22_9_B_1,9,B,1,BTC,22,2022-01-01
BTC22_9_B_2,9,B,2,BTC,22,2022-01-01
BTC22_9_B_3,9,B,3,BTC,22,2022-01-01
BTC22_9_C_1,9,C,1,BTC,22,2022-01-01
BTC22_9_C_2,9,C,2,BTC,22,2022-01-01
BTC22_9_C_3,9,C,3,BTC,22,2022-01-01
BTC22_9_D_1,9,D,1,BTC,22,2022-01-01
BTC22_9_D_2,9,D,2,BTC,22,2022-01-01
BUT22_1_A_1,1,A,1,BUT,22,2022-01-01
BUT22_1_A_2,1,A,2,BUT,22,2022-01-01
BUT22_1_A_3,1,A,3,BUT,22,2022-01-01
BUT22_1_A_4,1,A,4,BUT,22,2022-01-01
BUT22_10_B_1,10,B,1,BUT,22,2022-01-01
BUT22_10_B_2,10,B,2,BUT,22,2022-01-01
BUT22_10_B_3,10,B,3,BUT,22,2022-01-01
BUT22_10_B_4,10,B,4,BUT,22,2022-01-01
BUT22_10_C_1,10,C,1,BUT,22,2022-01-01
BUT22_10_C_2,10,C,2,BUT,22,2022-01-01
BUT22_10_C_3,10,C,3,BUT,22,2022-01-01
BUT22_10_C_4,10,C,4,BUT,22,2022-01-01
BUT22_2_A_1,2,A,1,BUT,22,2022-01-01
BUT22_2_A_2,2,A,2,BUT,22,2022-01-01
BUT22_2_A_3,2,A,3,BUT,22,2022-01-01
BUT22_2_A_4,2,A,4,BUT,22,2022-01-01
BUT22_3_A_1,3,A,1,BUT,22,2022-01-01
BUT22_3_A_2,3,A,2,BUT,22,2022-01-01
BUT22_3_A_3,3,A,3,BUT,22,2022-01-01
BUT22_3_A_4,3,A,4,BUT,22,2022-01-01
BUT22_4_A_1,4,A,1,BUT,22,2022-01-01
BUT22_4_A_2,4,A,2,BUT,22,2022-01-01
BUT22_4_A_3,4,A,3,BUT,22,2022-01-01
BUT22_4_A_4,4,A,4,BUT,22,2022-01-01
BUT22_5_A_1,5,A,1,BUT,22,2022-01-01
BUT22_5_A_2,5,A,2,BUT,22,2022-01-01
BUT22_5_A_3,5,A,3,BUT,22,2022-01-01
BUT22_5_A_4,5,A,4,BUT,22,2022-01-01
BUT22_5_B_1,5,B,1,BUT,22,2022-01-01
BUT22_6_A_1,6,A,1,BUT,22,2022-01-01
BUT22_6_A_2,6,A,2,BUT,22,2022-01-01
BUT22_6_A_3,6,A,3,BUT,22,2022-01-01
BUT22_6_A_4,6,A,4,BUT,22,2022-01-01
BUT22_6_B_1,6,B,1,BUT,22,2022-01-01
BUT22_6_B_2,6,B,2,BUT,22,2022-01-01
BUT22_6_B_3,6,B,3,BUT,22,2022-01-01
BUT22_6_B_4,6,B,4,BUT,22,2022-01-01
BUT22_6_C_1,6,C,1,BUT,22,2022-01-01
BUT22_7_A_1,7,A,1,BUT,22,2022-01-01
BUT22_7_A_2,7,A,2,BUT,22,2022-01-01
BUT22_7_A_3,7,A,3,BUT,22,2022-01-01
BUT22_7_A_4,7,A,4,BUT,22,2022-01-01
BUT22_7_B_1,7,B,1,BUT,22,2022-01-01
BUT22_7_B_2,7,B,2,BUT,22,2022-01-01
BUT22_7_B_3,7,B,3,BUT,22,2022-01-01
BUT22_7_B_4,7,B,4,BUT,22,2022-01-01
BUT22_7_C_1,7,C,1,BUT,22,2022-01-01
BUT22_7_C_2,7,C,2,BUT,22,2022-01-01
BUT22_7_C_3,7,C,3,BUT,22,2022-01-01
BUT22_7_C_4,7,C,4,BUT,22,2022-01-01
BUT22_8_A_1,8,A,1,BUT,22,2022-01-01
BUT22_8_A_2,8,A,2,BUT,22,2022-01-01
BUT22_8_A_3,8,A,3,BUT,22,2022-01-01
BUT22_8_A_4,8,A,4,BUT,22,2022-01-01
BUT22_8_B_1,8,B,1,BUT,22,2022-01-01
BUT22_8_B_2,8,B,2,BUT,22,2022-01-01
BUT22_8_B_3,8,B,3,BUT,22,2022-01-01
BUT22_8_B_4,8,B,4,BUT,22,2022-01-01
BUT22_8_C_1,8,C,1,BUT,22,2022-01-01
BUT22_8_C_2,8,C,2,BUT,22,2022-01-01
BUT22_8_C_3,8,C,3,BUT,22,2022-01-01
BUT22_8_C_4,8,C,4,BUT,22,2022-01-01
BUT22_9_A_1,9,A,1,BUT,22,2022-01-01
BUT22_9_A_2,9,A,2,BUT,22,2022-01-01
BUT22_9_A_3,9,A,3,BUT,22,2022-01-01
BUT22_9_A_4,9,A,4,BUT,22,2022-01-01
BUT22_9_B_1,9,B,1,BUT,22,2022-01-01
BUT22_9_B_2,9,B,2,BUT,22,2022-01-01
BUT22_9_B_3,9,B,3,BUT,22,2022-01-01
BUT22_9_B_4,9,B,4,BUT,22,2022-01-01
BUT22_9_B_5,9,B,5,BUT,22,2022-01-01
BUT22_9_B_6,9,B,6,BUT,22,2022-01-01
BUT22_9_C_1,9,C,1,BUT,22,2022-01-01
BUT22_9_C_10,9,C,10,BUT,22,2022-01-01
BUT22_9_C_11,9,C,11,BUT,22,2022-01-01
BUT22_9_C_2,9,C,2,BUT,22,2022-01-01
BUT22_9_C_3,9,C,3,BUT,22,2022-01-01
BUT22_9_C_4,9,C,4,BUT,22,2022-01-01
BUT22_9_C_5,9,C,5,BUT,22,2022-01-01
BUT22_9_C_6,9,C,6,BUT,22,2022-01-01
BUT22_9_C_7,9,C,7,BUT,22,2022-01-01
BUT22_9_C_8,9,C,8,BUT,22,2022-01-01
BUT22_9_C_9,9,C,9,BUT,22,2022-01-01
BUT22_9_D_1,9,D,1,BUT,22,2022-01-01
BUT22_9_D_2,9,D,2,BUT,22,2022-01-01
BUT22_9_D_3,9,D,3,BUT,22,2022-01-01
CLR22_10_A_1,10,A,1,CLR,22,2022-01-01
CLR22_10_A_2,10,A,2,CLR,22,2022-01-01
CLR22_10_A_3,10,A,3,CLR,22,2022-01-01
CLR22_10_B_1,10,B,1,CLR,22,2022-01-01
CLR22_10_B_2,10,B,2,CLR,22,2022-01-01
CLR22_10_B_3,10,B,3,CLR,22,2022-01-01
CLR22_10_B_4,10,B,4,CLR,22,2022-01-01
CLR22_10_B_5,10,B,5,CLR,22,2022-01-01
CLR22_10_B_6,10,B,6,CLR,22,2022-01-01
CLR22_10_B_7,10,B,7,CLR,22,2022-01-01
CLR22_10_B_8,10,B,8,CLR,22,2022-01-01
CLR22_10_C_1,10,C,1,CLR,22,2022-01-01
CLR22_10_C_2,10,C,2,CLR,22,2022-01-01
CLR22_10_C_3,10,C,3,CLR,22,2022-01-01
CLR22_2_A_1,2,A,1,CLR,22,2022-01-01
CLR22_2_A_2,2,A,2,CLR,22,2022-01-01
CLR22_2_A_3,2,A,3,CLR,22,2022-01-01
CLR22_3_A_1,3,A,1,CLR,22,2022-01-01
CLR22_3_A_2,3,A,2,CLR,22,2022-01-01
CLR22_3_A_3,3,A,3,CLR,22,2022-01-01
CLR22_4_A_1,4,A,1,CLR,22,2022-01-01
CLR22_4_A_2,4,A,2,CLR,22,2022-01-01
CLR22_4_A_3,4,A,3,CLR,22,2022-01-01
CLR22_4_B_1,4,B,1,CLR,22,2022-01-01
CLR22_4_B_2,4,B,2,CLR,22,2022-01-01
CLR22_5_A_1,5,A,1,CLR,22,2022-01-01
CLR22_5_A_2,5,A,2,CLR,22,2022-01-01
CLR22_5_A_3,5,A,3,CLR,22,2022-01-01
CLR22_6_A_1,6,A,1,CLR,22,2022-01-01
CLR22_6_A_2,6,A,2,CLR,22,2022-01-01
CLR22_6_A_3,6,A,3,CLR,22,2022-01-01
CLR22_6_B_1,6,B,1,CLR,22,2022-01-01
CLR22_7_A_1,7,A,1,CLR,22,2022-01-01
CLR22_7_A_2,7,A,2,CLR,22,2022-01-01
CLR22_7_A_3,7,A,3,CLR,22,2022-01-01
CLR22_7_B_1,7,B,1,CLR,22,2022-01-01
CLR22_7_B_2,7,B,2,CLR,22,2022-01-01
CLR22_7_B_3,7,B,3,CLR,22,2022-01-01
CLR22_7_C_1,7,C,1,CLR,22,2022-01-01
CLR22_8_A_1,8,A,1,CLR,22,2022-01-01
CLR22_8_A_2,8,A,2,CLR,22,2022-01-01
CLR22_8_A_3,8,A,3,CLR,22,2022-01-01
CLR22_8_B_1,8,B,1,CLR,22,2022-01-01
CLR22_8_B_2,8,B,2,CLR,22,2022-01-01
CLR22_8_B_3,8,B,3,CLR,22,2022-01-01
CLR22_8_C_1,8,C,1,CLR,22,2022-01-01
CLR22_8_C_2,8,C,2,CLR,22,2022-01-01
CLR22_8_C_3,8,C,3,CLR,22,2022-01-01
CLR22_9_A_1,9,A,1,CLR,22,2022-01-01
CLR22_9_A_2,9,A,2,CLR,22,2022-01-01
CLR22_9_A_3,9,A,3,CLR,22,2022-01-01
CLR22_9_A_4,9,A,4,CLR,22,2022-01-01
CLR22_9_A_5,9,A,5,CLR,22,2022-01-01
CLR22_9_B_1,9,B,1,CLR,22,2022-01-01
CLR22_9_B_2,9,B,2,CLR,22,2022-01-01
CLR22_9_B_3,9,B,3,CLR,22,2022-01-01
CLR22_9_B_4,9,B,4,CLR,22,2022-01-01
CLR22_9_B_5,9,B,5,CLR,22,2022-01-01
CLR22_9_B_6,9,B,6,CLR,22,2022-01-01
CLR22_9_C_1,9,C,1,CLR,22,2022-01-01
CLR22_9_C_2,9,C,2,CLR,22,2022-01-01
CLR22_9_C_3,9,C,3,CLR,22,2022-01-01
DEL22_10_C_1,10,C,1,DEL,22,2022-01-01
DEL22_3_A_1,3,A,1,DEL,22,2022-01-01
DEL22_3_A_2,3,A,2,DEL,22,2022-01-01
DEL22_4_A_1,4,A,1,DEL,22,2022-01-01
DEL22_4_A_2,4,A,2,DEL,22,2022-01-01
DEL22_4_B_1,4,B,1,DEL,22,2022-01-01
DEL22_5_A_1,5,A,1,DEL,22,2022-01-01
DEL22_5_A_2,5,A,2,DEL,22,2022-01-01
DEL22_5_A_3,5,A,3,DEL,22,2022-01-01
DEL22_5_B_1,5,B,1,DEL,22,2022-01-01
DEL22_5_B_2,5,B,2,DEL,22,2022-01-01
DEL22_5_B_3,5,B,3,DEL,22,2022-01-01
DEL22_5_B_4,5,B,4,DEL,22,2022-01-01
DEL22_6_A_1,6,A,1,DEL,22,2022-01-01
DEL22_6_A_2,6,A,2,DEL,22,2022-01-01
DEL22_6_A_3,6,A,3,DEL,22,2022-01-01
DEL22_6_B_1,6,B,1,DEL,22,2022-01-01
DEL22_6_B_2,6,B,2,DEL,22,2022-01-01
DEL22_6_B_3,6,B,3,DEL,22,2022-01-01
DEL22_6_B_5,6,B,5,DEL,22,2022-01-01
DEL22_6_B_6,6,B,6,DEL,22,2022-01-01
DEL22_6_B_7,6,B,7,DEL,22,2022-01-01
DEL22_6_C_1,6,C,1,DEL,22,2022-01-01
DEL22_6_C_2,6,C,2,DEL,22,2022-01-01
DEL22_6_C_3,6,C,3,DEL,22,2022-01-01
DEL22_6_C_4,6,C,4,DEL,22,2022-01-01
DEL22_6_D_1,6,D,1,DEL,22,2022-01-01
DEL22_7_B_1,7,B,1,DEL,22,2022-01-01
DEL22_7_B_2,7,B,2,DEL,22,2022-01-01
DEL22_7_C_1,7,C,1,DEL,22,2022-01-01
DEL22_7_C_2,7,C,2,DEL,22,2022-01-01
DEL22_7_C_3,7,C,3,DEL,22,2022-01-01
DEL22_7_C_4,7,C,4,DEL,22,2022-01-01
DEL22_7_C_5,7,C,5,DEL,22,2022-01-01
DEL22_8_C_1,8,C,1,DEL,22,2022-01-01
DEL22_8_C_2,8,C,2,DEL,22,2022-01-01
DEL22_8_C_3,8,C,3,DEL,22,2022-01-01
DEL22_9_C_1,9,C,1,DEL,22,2022-01-01
DEL22_9_C_2,9,C,2,DEL,22,2022-01-01
DEL22_9_C_3,9,C,3,DEL,22,2022-01-01
DEL22_9_C_4,9,C,4,DEL,22,2022-01-01
DEL22_9_C_5,9,C,5,DEL,22,2022-01-01
DEL22_9_C_6,9,C,6,DEL,22,2022-01-01
DEL22_9_D_1,9,D,1,DEL,22,2022-01-01
DEL22_9_D_2,9,D,2,DEL,22,2022-01-01
DEL22_9_D_3,9,D,3,DEL,22,2022-01-01
F1722_10_A_1,10,A,1,F17,22,2022-01-01
F1722_10_A_10,10,A,10,F17,22,2022-01-01
F1722_10_A_11,10,A,11,F17,22,2022-01-01
F1722_10_A_12,10,A,12,F17,22,2022-01-01
F1722_10_A_13,10,A,13,F17,22,2022-01-01
F1722_10_A_14,10,A,14,F17,22,2022-01-01
F1722_10_A_15,10,A,15,F17,22,2022-01-01
F1722_10_A_16,10,A,16,F17,22,2022-01-01
F1722_10_A_17,10,A,17,F17,22,2022-01-01
F1722_10_A_18,10,A,18,F17,22,2022-01-01
F1722_10_A_19,10,A,19,F17,22,2022-01-01
F1722_10_A_2,10,A,2,F17,22,2022-01-01
F1722_10_A_20,10,A,20,F17,22,2022-01-01
F1722_10_A_21,10,A,21,F17,22,2022-01-01
F1722_10_A_22,10,A,22,F17,22,2022-01-01
F1722_10_A_23,10,A,23,F17,22,2022-01-01
F1722_10_A_24,10,A,24,F17,22,2022-01-01
F1722_10_A_25,10,A,25,F17,22,2022-01-01
F1722_10_A_26,10,A,26,F17,22,2022-01-01
F1722_10_A_27,10,A,27,F17,22,2022-01-01
F1722_10_A_28,10,A,28,F17,22,2022-01-01
F1722_10_A_29,10,A,29,F17,22,2022-01-01
F1722_10_A_3,10,A,3,F17,22,2022-01-01
F1722_10_A_30,10,A,30,F17,22,2022-01-01
F1722_10_A_4,10,A,4,F17,22,2022-01-01
F1722_10_A_5,10,A,5,F17,22,2022-01-01
F1722_10_A_6,10,A,6,F17,22,2022-01-01
F1722_10_A_7,10,A,7,F17,22,2022-01-01
F1722_10_A_8,10,A,8,F17,22,2022-01-01
F1722_10_A_9,10,A,9,F17,22,2022-01-01
F1722_10_B_1,10,B,1,F17,22,2022-01-01
F1722_10_B_10,10,B,10,F17,22,2022-01-01
F1722_10_B_11,10,B,11,F17,22,2022-01-01
F1722_10_B_12,10,B,12,F17,22,2022-01-01
F1722_10_B_13,10,B,13,F17,22,2022-01-01
F1722_10_B_14,10,B,14,F17,22,2022-01-01
F1722_10_B_15,10,B,15,F17,22,2022-01-01
F1722_10_B_16,10,B,16,F17,22,2022-01-01
F1722_10_B_17,10,B,17,F17,22,2022-01-01
F1722_10_B_18,10,B,18,F17,22,2022-01-01
F1722_10_B_19,10,B,19,F17,22,2022-01-01
F1722_10_B_2,10,B,2,F17,22,2022-01-01
F1722_10_B_20,10,B,20,F17,22,2022-01-01
F1722_10_B_21,10,B,21,F17,22,2022-01-01
F1722_10_B_3,10,B,3,F17,22,2022-01-01
F1722_10_B_4,10,B,4,F17,22,2022-01-01
F1722_10_B_5,10,B,5,F17,22,2022-01-01
F1722_10_B_6,10,B,6,F17,22,2022-01-01
F1722_10_B_7,10,B,7,F17,22,2022-01-01
F1722_10_B_8,10,B,8,F17,22,2022-01-01
F1722_10_B_9,10,B,9,F17,22,2022-01-01
F1722_3_A_1,3,A,1,F17,22,2022-01-01
F1722_3_A_10,3,A,10,F17,22,2022-01-01
F1722_3_A_11,3,A,11,F17,22,2022-01-01
F1722_3_A_12,3,A,12,F17,22,2022-01-01
F1722_3_A_13,3,A,13,F17,22,2022-01-01
F1722_3_A_14,3,A,14,F17,22,2022-01-01
F1722_3_A_2,3,A,2,F17,22,2022-01-01
F1722_3_A_3,3,A,3,F17,22,2022-01-01
F1722_3_A_4,3,A,4,F17,22,2022-01-01
F1722_3_A_5,3,A,5,F17,22,2022-01-01
F1722_3_A_6,3,A,6,F17,22,2022-01-01
F1722_3_A_7,3,A,7,F17,22,2022-01-01
F1722_3_A_8,3,A,8,F17,22,2022-01-01
F1722_3_A_9,3,A,9,F17,22,2022-01-01
F1722_4_A_1,4,A,1,F17,22,2022-01-01
F1722_4_A_10,4,A,10,F17,22,2022-01-01
F1722_4_A_11,4,A,11,F17,22,2022-01-01
F1722_4_A_12,4,A,12,F17,22,2022-01-01
F1722_4_A_13,4,A,13,F17,22,2022-01-01
F1722_4_A_14,4,A,14,F17,22,2022-01-01
F1722_4_A_15,4,A,15,F17,22,2022-01-01
F1722_4_A_16,4,A,16,F17,22,2022-01-01
F1722_4_A_17,4,A,17,F17,22,2022-01-01
F1722_4_A_18,4,A,18,F17,22,2022-01-01
F1722_4_A_19,4,A,19,F17,22,2022-01-01
F1722_4_A_2,4,A,2,F17,22,2022-01-01
F1722_4_A_20,4,A,20,F17,22,2022-01-01
F1722_4_A_21,4,A,21,F17,22,2022-01-01
F1722_4_A_22,4,A,22,F17,22,2022-01-01
F1722_4_A_23,4,A,23,F17,22,2022-01-01
F1722_4_A_24,4,A,24,F17,22,2022-01-01
F1722_4_A_25,4,A,25,F17,22,2022-01-01
F1722_4_A_26,4,A,26,F17,22,2022-01-01
F1722_4_A_27,4,A,27,F17,22,2022-01-01
F1722_4_A_28,4,A,28,F17,22,2022-01-01
F1722_4_A_29,4,A,29,F17,22,2022-01-01
F1722_4_A_3,4,A,3,F17,22,2022-01-01
F1722_4_A_30,4,A,30,F17,22,2022-01-01
F1722_4_A_4,4,A,4,F17,22,2022-01-01
F1722_4_A_5,4,A,5,F17,22,2022-01-01
F1722_4_A_6,4,A,6,F17,22,2022-01-01
F1722_4_A_7,4,A,7,F17,22,2022-01-01
F1722_4_A_8,4,A,8,F17,22,2022-01-01
F1722_4_A_9,4,A,9,F17,22,2022-01-01
F1722_4_B_1,4,B,1,F17,22,2022-01-01
F1722_4_B_2,4,B,2,F17,22,2022-01-01
F1722_4_B_3,4,B,3,F17,22,2022-01-01
F1722_4_B_4,4,B,4,F17,22,2022-01-01
F1722_5_A_1,5,A,1,F17,22,2022-01-01
F1722_5_A_10,5,A,10,F17,22,2022-01-01
F1722_5_A_11,5,A,11,F17,22,2022-01-01
F1722_5_A_12,5,A,12,F17,22,2022-01-01
F1722_5_A_13,5,A,13,F17,22,2022-01-01
F1722_5_A_14,5,A,14,F17,22,2022-01-01
F1722_5_A_15,5,A,15,F17,22,2022-01-01
F1722_5_A_16,5,A,16,F17,22,2022-01-01
F1722_5_A_17,5,A,17,F17,22,2022-01-01
F1722_5_A_18,5,A,18,F17,22,2022-01-01
F1722_5_A_19,5,A,19,F17,22,2022-01-01
F1722_5_A_2,5,A,2,F17,22,2022-01-01
F1722_5_A_3,5,A,3,F17,22,2022-01-01
F1722_5_A_4,5,A,4,F17,22,2022-01-01
F1722_5_A_5,5,A,5,F17,22,2022-01-01
F1722_5_A_6,5,A,6,F17,22,2022-01-01
F1722_5_A_7,5,A,7,F17,22,2022-01-01
F1722_5_A_8,5,A,8,F17,22,2022-01-01
F1722_5_A_9,5,A,9,F17,22,2022-01-01
F1722_6_A_1,6,A,1,F17,22,2022-01-01
F1722_6_A_10,6,A,10,F17,22,2022-01-01
F1722_6_A_11,6,A,11,F17,22,2022-01-01
F1722_6_A_12,6,A,12,F17,22,2022-01-01
F1722_6_A_13,6,A,13,F17,22,2022-01-01
F1722_6_A_14,6,A,14,F17,22,2022-01-01
F1722_6_A_15,6,A,15,F17,22,2022-01-01
F1722_6_A_16,6,A,16,F17,22,2022-01-01
F1722_6_A_17,6,A,17,F17,22,2022-01-01
F1722_6_A_18,6,A,18,F17,22,2022-01-01
F1722_6_A_19,6,A,19,F17,22,2022-01-01
F1722_6_A_2,6,A,2,F17,22,2022-01-01
F1722_6_A_20,6,A,20,F17,22,2022-01-01
F1722_6_A_21,6,A,21,F17,22,2022-01-01
F1722_6_A_22,6,A,22,F17,22,2022-01-01
F1722_6_A_23,6,A,23,F17,22,2022-01-01
F1722_6_A_24,6,A,24,F17,22,2022-01-01
F1722_6_A_25,6,A,25,F17,22,2022-01-01
F1722_6_A_26,6,A,26,F17,22,2022-01-01
F1722_6_A_27,6,A,27,F17,22,2022-01-01
F1722_6_A_28,6,A,28,F17,22,2022-01-01
F1722_6_A_29,6,A,29,F17,22,2022-01-01
F1722_6_A_3,6,A,3,F17,22,2022-01-01
F1722_6_A_30,6,A,30,F17,22,2022-01-01
F1722_6_A_4,6,A,4,F17,22,2022-01-01
F1722_6_A_5,6,A,5,F17,22,2022-01-01
F1722_6_A_6,6,A,6,F17,22,2022-01-01
F1722_6_A_7,6,A,7,F17,22,2022-01-01
F1722_6_A_8,6,A,8,F17,22,2022-01-01
F1722_6_A_9,6,A,9,F17,22,2022-01-01
F1722_7_A_1,7,A,1,F17,22,2022-01-01
F1722_7_A_10,7,A,10,F17,22,2022-01-01
F1722_7_A_11,7,A,11,F17,22,2022-01-01
F1722_7_A_12,7,A,12,F17,22,2022-01-01
F1722_7_A_13,7,A,13,F17,22,2022-01-01
F1722_7_A_14,7,A,14,F17,22,2022-01-01
F1722_7_A_15,7,A,15,F17,22,2022-01-01
F1722_7_A_16,7,A,16,F17,22,2022-01-01
F1722_7_A_17,7,A,17,F17,22,2022-01-01
F1722_7_A_18,7,A,18,F17,22,2022-01-01
F1722_7_A_2,7,A,2,F17,22,2022-01-01
F1722_7_A_3,7,A,3,F17,22,2022-01-01
F1722_7_A_4,7,A,4,F17,22,2022-01-01
F1722_7_A_5,7,A,5,F17,22,2022-01-01
F1722_7_A_6,7,A,6,F17,22,2022-01-01
F1722_7_A_7,7,A,7,F17,22,2022-01-01
F1722_7_A_8,7,A,8,F17,22,2022-01-01
F1722_7_A_9,7,A,9,F17,22,2022-01-01
F1722_7_B_2,7,B,2,F17,22,2022-01-01
F1722_8_A_1,8,A,1,F17,22,2022-01-01
F1722_8_A_2,8,A,2,F17,22,2022-01-01
F1722_8_A_3,8,A,3,F17,22,2022-01-01
F1722_8_A_4,8,A,4,F17,22,2022-01-01
F1722_8_A_5,8,A,5,F17,22,2022-01-01
F1722_8_A_6,8,A,6,F17,22,2022-01-01
F1722_8_A_7,8,A,7,F17,22,2022-01-01
F1722_8_B_1,8,B,1,F17,22,2022-01-01
F1722_8_B_2,8,B,2,F17,22,2022-01-01
F1722_8_B_3,8,B,3,F17,22,2022-01-01
F1722_8_B_4,8,B,4,F17,22,2022-01-01
F1722_8_B_5,8,B,5,F17,22,2022-01-01
F1722_9_A_1,9,A,1,F17,22,2022-01-01
F1722_9_A_10,9,A,10,F17,22,2022-01-01
F1722_9_A_11,9,A,11,F17,22,2022-01-01
F1722_9_A_12,9,A,12,F17,22,2022-01-01
F1722_9_A_13,9,A,13,F17,22,2022-01-01
F1722_9_A_14,9,A,14,F17,22,2022-01-01
F1722_9_A_15,9,A,15,F17,22,2022-01-01
F1722_9_A_16,9,A,16,F17,22,2022-01-01
F1722_9_A_17,9,A,17,F17,22,2022-01-01
F1722_9_A_18,9,A,18,F17,22,2022-01-01
F1722_9_A_19,9,A,19,F17,22,2022-01-01
F1722_9_A_2,9,A,2,F17,22,2022-01-01
F1722_9_A_20,9,A,20,F17,22,2022-01-01
F1722_9_A_21,9,A,21,F17,22,2022-01-01
F1722_9_A_22,9,A,22,F17,22,2022-01-01
F1722_9_A_23,9,A,23,F17,22,2022-01-01
F1722_9_A_24,9,A,24,F17,22,2022-01-01
F1722_9_A_25,9,A,25,F17,22,2022-01-01
F1722_9_A_26,9,A,26,F17,22,2022-01-01
F1722_9_A_27,9,A,27,F17,22,2022-01-01
F1722_9_A_28,9,A,28,F17,22,2022-01-01
F1722_9_A_29,9,A,29,F17,22,2022-01-01
F1722_9_A_3,9,A,3,F17,22,2022-01-01
F1722_9_A_30,9,A,30,F17,22,2022-01-01
F1722_9_A_4,9,A,4,F17,22,2022-01-01
F1722_9_A_5,9,A,5,F17,22,2022-01-01
F1722_9_A_6,9,A,6,F17,22,2022-01-01
F1722_9_A_7,9,A,7,F17,22,2022-01-01
F1722_9_A_8,9,A,8,F17,22,2022-01-01
F1722_9_A_9,9,A,9,F17,22,2022-01-01
F1722_9_B_1,9,B,1,F17,22,2022-01-01
F1722_9_B_10,9,B,10,F17,22,2022-01-01
F1722_9_B_11,9,B,11,F17,22,2022-01-01
F1722_9_B_12,9,B,12,F17,22,2022-01-01
F1722_9_B_13,9,B,13,F17,22,2022-01-01
F1722_9_B_14,9,B,14,F17,22,2022-01-01
F1722_9_B_15,9,B,15,F17,22,2022-01-01
F1722_9_B_16,9,B,16,F17,22,2022-01-01
F1722_9_B_17,9,B,17,F17,22,2022-01-01
F1722_9_B_18,9,B,18,F17,22,2022-01-01
F1722_9_B_19,9,B,19,F17,22,2022-01-01
F1722_9_B_2,9,B,2,F17,22,2022-01-01
F1722_9_B_20,9,B,20,F17,22,2022-01-01
F1722_9_B_21,9,B,21,F17,22,2022-01-01
F1722_9_B_22,9,B,22,F17,22,2022-01-01
F1722_9_B_23,9,B,23,F17,22,2022-01-01
F1722_9_B_24,9,B,24,F17,22,2022-01-01
F1722_9_B_25,9,B,25,F17,22,2022-01-01
F1722_9_B_26,9,B,26,F17,22,2022-01-01
F1722_9_B_27,9,B,27,F17,22,2022-01-01
F1722_9_B_28,9,B,28,F17,22,2022-01-01
F1722_9_B_29,9,B,29,F17,22,2022-01-01
F1722_9_B_3,9,B,3,F17,22,2022-01-01
F1722_9_B_30,9,B,30,F17,22,2022-01-01
F1722_9_B_4,9,B,4,F17,22,2022-01-01
F1722_9_B_5,9,B,5,F17,22,2022-01-01
F1722_9_B_6,9,B,6,F17,22,2022-01-01
F1722_9_B_7,9,B,7,F17,22,2022-01-01
F1722_9_B_8,9,B,8,F17,22,2022-01-01
F1722_9_B_9,9,B,9,F17,22,2022-01-01
F6122_10_B_1,10,B,1,F61,22,2022-01-01
F6122_10_C_1,10,C,1,F61,22,2022-01-01
F6122_10_C_10,10,C,10,F61,22,2022-01-01
F6122_10_C_11,10,C,11,F61,22,2022-01-01
F6122_10_C_12,10,C,12,F61,22,2022-01-01
F6122_10_C_13,10,C,13,F61,22,2022-01-01
F6122_10_C_14,10,C,14,F61,22,2022-01-01
F6122_10_C_15,10,C,15,F61,22,2022-01-01
F6122_10_C_16,10,C,16,F61,22,2022-01-01
F6122_10_C_17,10,C,17,F61,22,2022-01-01
F6122_10_C_18,10,C,18,F61,22,2022-01-01
F6122_10_C_19,10,C,19,F61,22,2022-01-01
F6122_10_C_2,10,C,2,F61,22,2022-01-01
F6122_10_C_20,10,C,20,F61,22,2022-01-01
F6122_10_C_21,10,C,21,F61,22,2022-01-01
F6122_10_C_22,10,C,22,F61,22,2022-01-01
F6122_10_C_23,10,C,23,F61,22,2022-01-01
F6122_10_C_24,10,C,24,F61,22,2022-01-01
F6122_10_C_25,10,C,25,F61,22,2022-01-01
F6122_10_C_26,10,C,26,F61,22,2022-01-01
F6122_10_C_27,10,C,27,F61,22,2022-01-01
F6122_10_C_28,10,C,28,F61,22,2022-01-01
F6122_10_C_29,10,C,29,F61,22,2022-01-01
F6122_10_C_3,10,C,3,F61,22,2022-01-01
F6122_10_C_30,10,C,30,F61,22,2022-01-01
F6122_10_C_31,10,C,31,F61,22,2022-01-01
F6122_10_C_32,10,C,32,F61,22,2022-01-01
F6122_10_C_33,10,C,33,F61,22,2022-01-01
F6122_10_C_34,10,C,34,F61,22,2022-01-01
F6122_10_C_35,10,C,35,F61,22,2022-01-01
F6122_10_C_36,10,C,36,F61,22,2022-01-01
F6122_10_C_37,10,C,37,F61,22,2022-01-01
F6122_10_C_38,10,C,38,F61,22,2022-01-01
F6122_10_C_39,10,C,39,F61,22,2022-01-01
F6122_10_C_4,10,C,4,F61,22,2022-01-01
F6122_10_C_40,10,C,40,F61,22,2022-01-01
F6122_10_C_41,10,C,41,F61,22,2022-01-01
F6122_10_C_42,10,C,42,F61,22,2022-01-01
F6122_10_C_43,10,C,43,F61,22,2022-01-01
F6122_10_C_44,10,C,44,F61,22,2022-01-01
F6122_10_C_45,10,C,45,F61,22,2022-01-01
F6122_10_C_46,10,C,46,F61,22,2022-01-01
F6122_10_C_47,10,C,47,F61,22,2022-01-01
F6122_10_C_48,10,C,48,F61,22,2022-01-01
F6122_10_C_49,10,C,49,F61,22,2022-01-01
F6122_10_C_5,10,C,5,F61,22,2022-01-01
F6122_10_C_50,10,C,50,F61,22,2022-01-01
F6122_10_C_6,10,C,6,F61,22,2022-01-01
F6122_10_C_7,10,C,7,F61,22,2022-01-01
F6122_10_C_8,10,C,8,F61,22,2022-01-01
F6122_10_C_9,10,C,9,F61,22,2022-01-01
F6122_10_D_1,10,D,1,F61,22,2022-01-01
F6122_10_D_10,10,D,10,F61,22,2022-01-01
F6122_10_D_11,10,D,11,F61,22,2022-01-01
F6122_10_D_12,10,D,12,F61,22,2022-01-01
F6122_10_D_13,10,D,13,F61,22,2022-01-01
F6122_10_D_14,10,D,14,F61,22,2022-01-01
F6122_10_D_15,10,D,15,F61,22,2022-01-01
F6122_10_D_16,10,D,16,F61,22,2022-01-01
F6122_10_D_17,10,D,17,F61,22,2022-01-01
F6122_10_D_18,10,D,18,F61,22,2022-01-01
F6122_10_D_19,10,D,19,F61,22,2022-01-01
F6122_10_D_2,10,D,2,F61,22,2022-01-01
F6122_10_D_20,10,D,20,F61,22,2022-01-01
F6122_10_D_21,10,D,21,F61,22,2022-01-01
F6122_10_D_22,10,D,22,F61,22,2022-01-01
F6122_10_D_23,10,D,23,F61,22,2022-01-01
F6122_10_D_24,10,D,24,F61,22,2022-01-01
F6122_10_D_25,10,D,25,F61,22,2022-01-01
F6122_10_D_26,10,D,26,F61,22,2022-01-01
F6122_10_D_27,10,D,27,F61,22,2022-01-01
F6122_10_D_28,10,D,28,F61,22,2022-01-01
F6122_10_D_3,10,D,3,F61,22,2022-01-01
F6122_10_D_4,10,D,4,F61,22,2022-01-01
F6122_10_D_5,10,D,5,F61,22,2022-01-01
F6122_10_D_6,10,D,6,F61,22,2022-01-01
F6122_10_D_7,10,D,7,F61,22,2022-01-01
F6122_10_D_8,10,D,8,F61,22,2022-01-01
F6122_10_D_9,10,D,9,F61,22,2022-01-01
F6122_3_A_1,3,A,1,F61,22,2022-01-01
F6122_3_A_10,3,A,10,F61,22,2022-01-01
F6122_3_A_11,3,A,11,F61,22,2022-01-01
F6122_3_A_12,3,A,12,F61,22,2022-01-01
F6122_3_A_13,3,A,13,F61,22,2022-01-01
F6122_3_A_14,3,A,14,F61,22,2022-01-01
F6122_3_A_15,3,A,15,F61,22,2022-01-01
F6122_3_A_16,3,A,16,F61,22,2022-01-01
F6122_3_A_17,3,A,17,F61,22,2022-01-01
F6122_3_A_18,3,A,18,F61,22,2022-01-01
F6122_3_A_19,3,A,19,F61,22,2022-01-01
F6122_3_A_2,3,A,2,F61,22,2022-01-01
F6122_3_A_20,3,A,20,F61,22,2022-01-01
F6122_3_A_21,3,A,21,F61,22,2022-01-01
F6122_3_A_22,3,A,22,F61,22,2022-01-01
F6122_3_A_23,3,A,23,F61,22,2022-01-01
F6122_3_A_24,3,A,24,F61,22,2022-01-01
F6122_3_A_25,3,A,25,F61,22,2022-01-01
F6122_3_A_26,3,A,26,F61,22,2022-01-01
F6122_3_A_27,3,A,27,F61,22,2022-01-01
F6122_3_A_28,3,A,28,F61,22,2022-01-01
F6122_3_A_29,3,A,29,F61,22,2022-01-01
F6122_3_A_3,3,A,3,F61,22,2022-01-01
F6122_3_A_30,3,A,30,F61,22,2022-01-01
F6122_3_A_31,3,A,31,F61,22,2022-01-01
F6122_3_A_32,3,A,32,F61,22,2022-01-01
F6122_3_A_33,3,A,33,F61,22,2022-01-01
F6122_3_A_34,3,A,34,F61,22,2022-01-01
F6122_3_A_35,3,A,35,F61,22,2022-01-01
F6122_3_A_36,3,A,36,F61,22,2022-01-01
F6122_3_A_37,3,A,37,F61,22,2022-01-01
F6122_3_A_38,3,A,38,F61,22,2022-01-01
F6122_3_A_39,3,A,39,F61,22,2022-01-01
F6122_3_A_4,3,A,4,F61,22,2022-01-01
F6122_3_A_40,3,A,40,F61,22,2022-01-01
F6122_3_A_41,3,A,41,F61,22,2022-01-01
F6122_3_A_42,3,A,42,F61,22,2022-01-01
F6122_3_A_43,3,A,43,F61,22,2022-01-01
F6122_3_A_44,3,A,44,F61,22,2022-01-01
F6122_3_A_45,3,A,45,F61,22,2022-01-01
F6122_3_A_46,3,A,46,F61,22,2022-01-01
F6122_3_A_47,3,A,47,F61,22,2022-01-01
F6122_3_A_48,3,A,48,F61,22,2022-01-01
F6122_3_A_49,3,A,49,F61,22,2022-01-01
F6122_3_A_5,3,A,5,F61,22,2022-01-01
F6122_3_A_50,3,A,50,F61,22,2022-01-01
F6122_3_A_6,3,A,6,F61,22,2022-01-01
F6122_3_A_7,3,A,7,F61,22,2022-01-01
F6122_3_A_8,3,A,8,F61,22,2022-01-01
F6122_3_A_9,3,A,9,F61,22,2022-01-01
F6122_3_B_1,3,B,1,F61,22,2022-01-01
F6122_3_B_10,3,B,10,F61,22,2022-01-01
F6122_3_B_11,3,B,11,F61,22,2022-01-01
F6122_3_B_12,3,B,12,F61,22,2022-01-01
F6122_3_B_2,3,B,2,F61,22,2022-01-01
F6122_3_B_3,3,B,3,F61,22,2022-01-01
F6122_3_B_4,3,B,4,F61,22,2022-01-01
F6122_3_B_5,3,B,5,F61,22,2022-01-01
F6122_3_B_6,3,B,6,F61,22,2022-01-01
F6122_3_B_7,3,B,7,F61,22,2022-01-01
F6122_3_B_8,3,B,8,F61,22,2022-01-01
F6122_3_B_9,3,B,9,F61,22,2022-01-01
F6122_4_A_1,4,A,1,F61,22,2022-01-01
F6122_4_A_10,4,A,10,F61,22,2022-01-01
F6122_4_A_11,4,A,11,F61,22,2022-01-01
F6122_4_A_12,4,A,12,F61,22,2022-01-01
F6122_4_A_13,4,A,13,F61,22,2022-01-01
F6122_4_A_14,4,A,14,F61,22,2022-01-01
F6122_4_A_15,4,A,15,F61,22,2022-01-01
F6122_4_A_16,4,A,16,F61,22,2022-01-01
F6122_4_A_17,4,A,17,F61,22,2022-01-01
F6122_4_A_18,4,A,18,F61,22,2022-01-01
F6122_4_A_19,4,A,19,F61,22,2022-01-01
F6122_4_A_2,4,A,2,F61,22,2022-01-01
F6122_4_A_20,4,A,20,F61,22,2022-01-01
F6122_4_A_21,4,A,21,F61,22,2022-01-01
F6122_4_A_22,4,A,22,F61,22,2022-01-01
F6122_4_A_23,4,A,23,F61,22,2022-01-01
F6122_4_A_24,4,A,24,F61,22,2022-01-01
F6122_4_A_25,4,A,25,F61,22,2022-01-01
F6122_4_A_26,4,A,26,F61,22,2022-01-01
F6122_4_A_27,4,A,27,F61,22,2022-01-01
F6122_4_A_28,4,A,28,F61,22,2022-01-01
F6122_4_A_29,4,A,29,F61,22,2022-01-01
F6122_4_A_3,4,A,3,F61,22,2022-01-01
F6122_4_A_30,4,A,30,F61,22,2022-01-01
F6122_4_A_31,4,A,31,F61,22,2022-01-01
F6122_4_A_32,4,A,32,F61,22,2022-01-01
F6122_4_A_33,4,A,33,F61,22,2022-01-01
F6122_4_A_34,4,A,34,F61,22,2022-01-01
F6122_4_A_35,4,A,35,F61,22,2022-01-01
F6122_4_A_36,4,A,36,F61,22,2022-01-01
F6122_4_A_37,4,A,37,F61,22,2022-01-01
F6122_4_A_38,4,A,38,F61,22,2022-01-01
F6122_4_A_39,4,A,39,F61,22,2022-01-01
F6122_4_A_4,4,A,4,F61,22,2022-01-01
F6122_4_A_40,4,A,40,F61,22,2022-01-01
F6122_4_A_41,4,A,41,F61,22,2022-01-01
F6122_4_A_42,4,A,42,F61,22,2022-01-01
F6122_4_A_43,4,A,43,F61,22,2022-01-01
F6122_4_A_44,4,A,44,F61,22,2022-01-01
F6122_4_A_45,4,A,45,F61,22,2022-01-01
F6122_4_A_46,4,A,46,F61,22,2022-01-01
F6122_4_A_47,4,A,47,F61,22,2022-01-01
F6122_4_A_48,4,A,48,F61,22,2022-01-01
F6122_4_A_49,4,A,49,F61,22,2022-01-01
F6122_4_A_5,4,A,5,F61,22,2022-01-01
F6122_4_A_50,4,A,50,F61,22,2022-01-01
F6122_4_A_6,4,A,6,F61,22,2022-01-01
F6122_4_A_7,4,A,7,F61,22,2022-01-01
F6122_4_A_8,4,A,8,F61,22,2022-01-01
F6122_4_A_9,4,A,9,F61,22,2022-01-01
F6122_4_B_1,4,B,1,F61,22,2022-01-01
F6122_4_B_10,4,B,10,F61,22,2022-01-01
F6122_4_B_11,4,B,11,F61,22,2022-01-01
F6122_4_B_12,4,B,12,F61,22,2022-01-01
F6122_4_B_13,4,B,13,F61,22,2022-01-01
F6122_4_B_14,4,B,14,F61,22,2022-01-01
F6122_4_B_15,4,B,15,F61,22,2022-01-01
F6122_4_B_16,4,B,16,F61,22,2022-01-01
F6122_4_B_17,4,B,17,F61,22,2022-01-01
F6122_4_B_18,4,B,18,F61,22,2022-01-01
F6122_4_B_19,4,B,19,F61,22,2022-01-01
F6122_4_B_2,4,B,2,F61,22,2022-01-01
F6122_4_B_20,4,B,20,F61,22,2022-01-01
F6122_4_B_21,4,B,21,F61,22,2022-01-01
F6122_4_B_22,4,B,22,F61,22,2022-01-01
F6122_4_B_23,4,B,23,F61,22,2022-01-01
F6122_4_B_24,4,B,24,F61,22,2022-01-01
F6122_4_B_25,4,B,25,F61,22,2022-01-01
F6122_4_B_26,4,B,26,F61,22,2022-01-01
F6122_4_B_27,4,B,27,F61,22,2022-01-01
F6122_4_B_28,4,B,28,F61,22,2022-01-01
F6122_4_B_29,4,B,29,F61,22,2022-01-01
F6122_4_B_3,4,B,3,F61,22,2022-01-01
F6122_4_B_30,4,B,30,F61,22,2022-01-01
F6122_4_B_31,4,B,31,F61,22,2022-01-01
F6122_4_B_32,4,B,32,F61,22,2022-01-01
F6122_4_B_33,4,B,33,F61,22,2022-01-01
F6122_4_B_34,4,B,34,F61,22,2022-01-01
F6122_4_B_35,4,B,35,F61,22,2022-01-01
F6122_4_B_36,4,B,36,F61,22,2022-01-01
F6122_4_B_37,4,B,37,F61,22,2022-01-01
F6122_4_B_38,4,B,38,F61,22,2022-01-01
F6122_4_B_39,4,B,39,F61,22,2022-01-01
F6122_4_B_4,4,B,4,F61,22,2022-01-01
F6122_4_B_40,4,B,40,F61,22,2022-01-01
F6122_4_B_41,4,B,41,F61,22,2022-01-01
F6122_4_B_42,4,B,42,F61,22,2022-01-01
F6122_4_B_43,4,B,43,F61,22,2022-01-01
F6122_4_B_44,4,B,44,F61,22,2022-01-01
F6122_4_B_45,4,B,45,F61,22,2022-01-01
F6122_4_B_46,4,B,46,F61,22,2022-01-01
F6122_4_B_47,4,B,47,F61,22,2022-01-01
F6122_4_B_48,4,B,48,F61,22,2022-01-01
F6122_4_B_49,4,B,49,F61,22,2022-01-01
F6122_4_B_5,4,B,5,F61,22,2022-01-01
F6122_4_B_50,4,B,50,F61,22,2022-01-01
F6122_4_B_6,4,B,6,F61,22,2022-01-01
F6122_4_B_7,4,B,7,F61,22,2022-01-01
F6122_4_B_8,4,B,8,F61,22,2022-01-01
F6122_4_B_9,4,B,9,F61,22,2022-01-01
F6122_4_C_1,4,C,1,F61,22,2022-01-01
F6122_4_C_2,4,C,2,F61,22,2022-01-01
F6122_5_A_1,5,A,1,F61,22,2022-01-01
F6122_5_A_10,5,A,10,F61,22,2022-01-01
F6122_5_A_11,5,A,11,F61,22,2022-01-01
F6122_5_A_12,5,A,12,F61,22,2022-01-01
F6122_5_A_13,5,A,13,F61,22,2022-01-01
F6122_5_A_14,5,A,14,F61,22,2022-01-01
F6122_5_A_15,5,A,15,F61,22,2022-01-01
F6122_5_A_16,5,A,16,F61,22,2022-01-01
F6122_5_A_17,5,A,17,F61,22,2022-01-01
F6122_5_A_18,5,A,18,F61,22,2022-01-01
F6122_5_A_19,5,A,19,F61,22,2022-01-01
F6122_5_A_2,5,A,2,F61,22,2022-01-01
F6122_5_A_20,5,A,20,F61,22,2022-01-01
F6122_5_A_21,5,A,21,F61,22,2022-01-01
F6122_5_A_22,5,A,22,F61,22,2022-01-01
F6122_5_A_23,5,A,23,F61,22,2022-01-01
F6122_5_A_24,5,A,24,F61,22,2022-01-01
F6122_5_A_25,5,A,25,F61,22,2022-01-01
F6122_5_A_26,5,A,26,F61,22,2022-01-01
F6122_5_A_27,5,A,27,F61,22,2022-01-01
F6122_5_A_28,5,A,28,F61,22,2022-01-01
F6122_5_A_29,5,A,29,F61,22,2022-01-01
F6122_5_A_3,5,A,3,F61,22,2022-01-01
F6122_5_A_30,5,A,30,F61,22,2022-01-01
F6122_5_A_31,5,A,31,F61,22,2022-01-01
F6122_5_A_32,5,A,32,F61,22,2022-01-01
F6122_5_A_33,5,A,33,F61,22,2022-01-01
F6122_5_A_34,5,A,34,F61,22,2022-01-01
F6122_5_A_35,5,A,35,F61,22,2022-01-01
F6122_5_A_36,5,A,36,F61,22,2022-01-01
F6122_5_A_37,5,A,37,F61,22,2022-01-01
F6122_5_A_38,5,A,38,F61,22,2022-01-01
F6122_5_A_39,5,A,39,F61,22,2022-01-01
F6122_5_A_4,5,A,4,F61,22,2022-01-01
F6122_5_A_40,5,A,40,F61,22,2022-01-01
F6122_5_A_41,5,A,41,F61,22,2022-01-01
F6122_5_A_42,5,A,42,F61,22,2022-01-01
F6122_5_A_43,5,A,43,F61,22,2022-01-01
F6122_5_A_44,5,A,44,F61,22,2022-01-01
F6122_5_A_45,5,A,45,F61,22,2022-01-01
F6122_5_A_46,5,A,46,F61,22,2022-01-01
F6122_5_A_47,5,A,47,F61,22,2022-01-01
F6122_5_A_48,5,A,48,F61,22,2022-01-01
F6122_5_A_49,5,A,49,F61,22,2022-01-01
F6122_5_A_5,5,A,5,F61,22,2022-01-01
F6122_5_A_50,5,A,50,F61,22,2022-01-01
F6122_5_A_6,5,A,6,F61,22,2022-01-01
F6122_5_A_7,5,A,7,F61,22,2022-01-01
F6122_5_A_8,5,A,8,F61,22,2022-01-01
F6122_5_A_9,5,A,9,F61,22,2022-01-01
F6122_5_B_1,5,B,1,F61,22,2022-01-01
F6122_5_B_10,5,B,10,F61,22,2022-01-01
F6122_5_B_11,5,B,11,F61,22,2022-01-01
F6122_5_B_12,5,B,12,F61,22,2022-01-01
F6122_5_B_13,5,B,13,F61,22,2022-01-01
F6122_5_B_14,5,B,14,F61,22,2022-01-01
F6122_5_B_15,5,B,15,F61,22,2022-01-01
F6122_5_B_16,5,B,16,F61,22,2022-01-01
F6122_5_B_17,5,B,17,F61,22,2022-01-01
F6122_5_B_18,5,B,18,F61,22,2022-01-01
F6122_5_B_19,5,B,19,F61,22,2022-01-01
F6122_5_B_2,5,B,2,F61,22,2022-01-01
F6122_5_B_20,5,B,20,F61,22,2022-01-01
F6122_5_B_21,5,B,21,F61,22,2022-01-01
F6122_5_B_22,5,B,22,F61,22,2022-01-01
F6122_5_B_23,5,B,23,F61,22,2022-01-01
F6122_5_B_24,5,B,24,F61,22,2022-01-01
F6122_5_B_25,5,B,25,F61,22,2022-01-01
F6122_5_B_26,5,B,26,F61,22,2022-01-01
F6122_5_B_27,5,B,27,F61,22,2022-01-01
F6122_5_B_28,5,B,28,F61,22,2022-01-01
F6122_5_B_29,5,B,29,F61,22,2022-01-01
F6122_5_B_3,5,B,3,F61,22,2022-01-01
F6122_5_B_30,5,B,30,F61,22,2022-01-01
F6122_5_B_31,5,B,31,F61,22,2022-01-01
F6122_5_B_32,5,B,32,F61,22,2022-01-01
F6122_5_B_33,5,B,33,F61,22,2022-01-01
F6122_5_B_34,5,B,34,F61,22,2022-01-01
F6122_5_B_35,5,B,35,F61,22,2022-01-01
F6122_5_B_36,5,B,36,F61,22,2022-01-01
F6122_5_B_37,5,B,37,F61,22,2022-01-01
F6122_5_B_38,5,B,38,F61,22,2022-01-01
F6122_5_B_39,5,B,39,F61,22,2022-01-01
F6122_5_B_4,5,B,4,F61,22,2022-01-01
F6122_5_B_40,5,B,40,F61,22,2022-01-01
F6122_5_B_5,5,B,5,F61,22,2022-01-01
F6122_5_B_6,5,B,6,F61,22,2022-01-01
F6122_5_B_7,5,B,7,F61,22,2022-01-01
F6122_5_B_8,5,B,8,F61,22,2022-01-01
F6122_5_B_9,5,B,9,F61,22,2022-01-01
F6122_5_C_1,5,C,1,F61,22,2022-01-01
F6122_5_C_10,5,C,10,F61,22,2022-01-01
F6122_5_C_11,5,C,11,F61,22,2022-01-01
F6122_5_C_12,5,C,12,F61,22,2022-01-01
F6122_5_C_2,5,C,2,F61,22,2022-01-01
F6122_5_C_3,5,C,3,F61,22,2022-01-01
F6122_5_C_4,5,C,4,F61,22,2022-01-01
F6122_5_C_5,5,C,5,F61,22,2022-01-01
F6122_5_C_6,5,C,6,F61,22,2022-01-01
F6122_5_C_7,5,C,7,F61,22,2022-01-01
F6122_5_C_8,5,C,8,F61,22,2022-01-01
F6122_5_C_9,5,C,9,F61,22,2022-01-01
F6122_6_A_1,6,A,1,F61,22,2022-01-01
F6122_6_A_10,6,A,10,F61,22,2022-01-01
F6122_6_A_11,6,A,11,F61,22,2022-01-01
F6122_6_A_12,6,A,12,F61,22,2022-01-01
F6122_6_A_13,6,A,13,F61,22,2022-01-01
F6122_6_A_14,6,A,14,F61,22,2022-01-01
F6122_6_A_15,6,A,15,F61,22,2022-01-01
F6122_6_A_16,6,A,16,F61,22,2022-01-01
F6122_6_A_17,6,A,17,F61,22,2022-01-01
F6122_6_A_18,6,A,18,F61,22,2022-01-01
F6122_6_A_19,6,A,19,F61,22,2022-01-01
F6122_6_A_2,6,A,2,F61,22,2022-01-01
F6122_6_A_20,6,A,20,F61,22,2022-01-01
F6122_6_A_21,6,A,21,F61,22,2022-01-01
F6122_6_A_22,6,A,22,F61,22,2022-01-01
F6122_6_A_23,6,A,23,F61,22,2022-01-01
F6122_6_A_24,6,A,24,F61,22,2022-01-01
F6122_6_A_25,6,A,25,F61,22,2022-01-01
F6122_6_A_26,6,A,26,F61,22,2022-01-01
F6122_6_A_27,6,A,27,F61,22,2022-01-01
F6122_6_A_28,6,A,28,F61,22,2022-01-01
F6122_6_A_29,6,A,29,F61,22,2022-01-01
F6122_6_A_3,6,A,3,F61,22,2022-01-01
F6122_6_A_30,6,A,30,F61,22,2022-01-01
F6122_6_A_31,6,A,31,F61,22,2022-01-01
F6122_6_A_32,6,A,32,F61,22,2022-01-01
F6122_6_A_33,6,A,33,F61,22,2022-01-01
F6122_6_A_34,6,A,34,F61,22,2022-01-01
F6122_6_A_35,6,A,35,F61,22,2022-01-01
F6122_6_A_36,6,A,36,F61,22,2022-01-01
F6122_6_A_37,6,A,37,F61,22,2022-01-01
F6122_6_A_38,6,A,38,F61,22,2022-01-01
F6122_6_A_39,6,A,39,F61,22,2022-01-01
F6122_6_A_4,6,A,4,F61,22,2022-01-01
F6122_6_A_40,6,A,40,F61,22,2022-01-01
F6122_6_A_41,6,A,41,F61,22,2022-01-01
F6122_6_A_42,6,A,42,F61,22,2022-01-01
F6122_6_A_43,6,A,43,F61,22,2022-01-01
F6122_6_A_44,6,A,44,F61,22,2022-01-01
F6122_6_A_45,6,A,45,F61,22,2022-01-01
F6122_6_A_46,6,A,46,F61,22,2022-01-01
F6122_6_A_47,6,A,47,F61,22,2022-01-01
F6122_6_A_48,6,A,48,F61,22,2022-01-01
F6122_6_A_49,6,A,49,F61,22,2022-01-01
F6122_6_A_5,6,A,5,F61,22,2022-01-01
F6122_6_A_50,6,A,50,F61,22,2022-01-01
F6122_6_A_6,6,A,6,F61,22,2022-01-01
F6122_6_A_7,6,A,7,F61,22,2022-01-01
F6122_6_A_8,6,A,8,F61,22,2022-01-01
F6122_6_A_9,6,A,9,F61,22,2022-01-01
F6122_6_B_1,6,B,1,F61,22,2022-01-01
F6122_6_B_10,6,B,10,F61,22,2022-01-01
F6122_6_B_11,6,B,11,F61,22,2022-01-01
F6122_6_B_12,6,B,12,F61,22,2022-01-01
F6122_6_B_13,6,B,13,F61,22,2022-01-01
F6122_6_B_14,6,B,14,F61,22,2022-01-01
F6122_6_B_15,6,B,15,F61,22,2022-01-01
F6122_6_B_16,6,B,16,F61,22,2022-01-01
F6122_6_B_17,6,B,17,F61,22,2022-01-01
F6122_6_B_18,6,B,18,F61,22,2022-01-01
F6122_6_B_19,6,B,19,F61,22,2022-01-01
F6122_6_B_2,6,B,2,F61,22,2022-01-01
F6122_6_B_20,6,B,20,F61,22,2022-01-01
F6122_6_B_21,6,B,21,F61,22,2022-01-01
F6122_6_B_22,6,B,22,F61,22,2022-01-01
F6122_6_B_23,6,B,23,F61,22,2022-01-01
F6122_6_B_24,6,B,24,F61,22,2022-01-01
F6122_6_B_25,6,B,25,F61,22,2022-01-01
F6122_6_B_26,6,B,26,F61,22,2022-01-01
F6122_6_B_27,6,B,27,F61,22,2022-01-01
F6122_6_B_28,6,B,28,F61,22,2022-01-01
F6122_6_B_29,6,B,29,F61,22,2022-01-01
F6122_6_B_3,6,B,3,F61,22,2022-01-01
F6122_6_B_30,6,B,30,F61,22,2022-01-01
F6122_6_B_31,6,B,31,F61,22,2022-01-01
F6122_6_B_32,6,B,32,F61,22,2022-01-01
F6122_6_B_33,6,B,33,F61,22,2022-01-01
F6122_6_B_34,6,B,34,F61,22,2022-01-01
F6122_6_B_35,6,B,35,F61,22,2022-01-01
F6122_6_B_36,6,B,36,F61,22,2022-01-01
F6122_6_B_37,6,B,37,F61,22,2022-01-01
F6122_6_B_38,6,B,38,F61,22,2022-01-01
F6122_6_B_39,6,B,39,F61,22,2022-01-01
F6122_6_B_4,6,B,4,F61,22,2022-01-01
F6122_6_B_40,6,B,40,F61,22,2022-01-01
F6122_6_B_41,6,B,41,F61,22,2022-01-01
F6122_6_B_42,6,B,42,F61,22,2022-01-01
F6122_6_B_43,6,B,43,F61,22,2022-01-01
F6122_6_B_44,6,B,44,F61,22,2022-01-01
F6122_6_B_45,6,B,45,F61,22,2022-01-01
F6122_6_B_46,6,B,46,F61,22,2022-01-01
F6122_6_B_47,6,B,47,F61,22,2022-01-01
F6122_6_B_48,6,B,48,F61,22,2022-01-01
F6122_6_B_49,6,B,49,F61,22,2022-01-01
F6122_6_B_5,6,B,5,F61,22,2022-01-01
F6122_6_B_50,6,B,50,F61,22,2022-01-01
F6122_6_B_6,6,B,6,F61,22,2022-01-01
F6122_6_B_7,6,B,7,F61,22,2022-01-01
F6122_6_B_8,6,B,8,F61,22,2022-01-01
F6122_6_B_9,6,B,9,F61,22,2022-01-01
F6122_6_C_1,6,C,1,F61,22,2022-01-01
F6122_6_C_10,6,C,10,F61,22,2022-01-01
F6122_6_C_11,6,C,11,F61,22,2022-01-01
F6122_6_C_12,6,C,12,F61,22,2022-01-01
F6122_6_C_13,6,C,13,F61,22,2022-01-01
F6122_6_C_14,6,C,14,F61,22,2022-01-01
F6122_6_C_15,6,C,15,F61,22,2022-01-01
F6122_6_C_16,6,C,16,F61,22,2022-01-01
F6122_6_C_17,6,C,17,F61,22,2022-01-01
F6122_6_C_18,6,C,18,F61,22,2022-01-01
F6122_6_C_19,6,C,19,F61,22,2022-01-01
F6122_6_C_2,6,C,2,F61,22,2022-01-01
F6122_6_C_20,6,C,20,F61,22,2022-01-01
F6122_6_C_3,6,C,3,F61,22,2022-01-01
F6122_6_C_4,6,C,4,F61,22,2022-01-01
F6122_6_C_5,6,C,5,F61,22,2022-01-01
F6122_6_C_6,6,C,6,F61,22,2022-01-01
F6122_6_C_7,6,C,7,F61,22,2022-01-01
F6122_6_C_8,6,C,8,F61,22,2022-01-01
F6122_6_C_9,6,C,9,F61,22,2022-01-01
F6122_7_A_1,7,A,1,F61,22,2022-01-01
F6122_7_A_10,7,A,10,F61,22,2022-01-01
F6122_7_A_11,7,A,11,F61,22,2022-01-01
F6122_7_A_12,7,A,12,F61,22,2022-01-01
F6122_7_A_13,7,A,13,F61,22,2022-01-01
F6122_7_A_14,7,A,14,F61,22,2022-01-01
F6122_7_A_15,7,A,15,F61,22,2022-01-01
F6122_7_A_16,7,A,16,F61,22,2022-01-01
F6122_7_A_17,7,A,17,F61,22,2022-01-01
F6122_7_A_18,7,A,18,F61,22,2022-01-01
F6122_7_A_19,7,A,19,F61,22,2022-01-01
F6122_7_A_2,7,A,2,F61,22,2022-01-01
F6122_7_A_20,7,A,20,F61,22,2022-01-01
F6122_7_A_21,7,A,21,F61,22,2022-01-01
F6122_7_A_22,7,A,22,F61,22,2022-01-01
F6122_7_A_23,7,A,23,F61,22,2022-01-01
F6122_7_A_24,7,A,24,F61,22,2022-01-01
F6122_7_A_25,7,A,25,F61,22,2022-01-01
F6122_7_A_26,7,A,26,F61,22,2022-01-01
F6122_7_A_3,7,A,3,F61,22,2022-01-01
F6122_7_A_4,7,A,4,F61,22,2022-01-01
F6122_7_A_5,7,A,5,F61,22,2022-01-01
F6122_7_A_6,7,A,6,F61,22,2022-01-01
F6122_7_A_7,7,A,7,F61,22,2022-01-01
F6122_7_A_8,7,A,8,F61,22,2022-01-01
F6122_7_A_9,7,A,9,F61,22,2022-01-01
F6122_7_B_1,7,B,1,F61,22,2022-01-01
F6122_7_B_10,7,B,10,F61,22,2022-01-01
F6122_7_B_11,7,B,11,F61,22,2022-01-01
F6122_7_B_12,7,B,12,F61,22,2022-01-01
F6122_7_B_13,7,B,13,F61,22,2022-01-01
F6122_7_B_14,7,B,14,F61,22,2022-01-01
F6122_7_B_15,7,B,15,F61,22,2022-01-01
F6122_7_B_16,7,B,16,F61,22,2022-01-01
F6122_7_B_17,7,B,17,F61,22,2022-01-01
F6122_7_B_18,7,B,18,F61,22,2022-01-01
F6122_7_B_19,7,B,19,F61,22,2022-01-01
F6122_7_B_2,7,B,2,F61,22,2022-01-01
F6122_7_B_20,7,B,20,F61,22,2022-01-01
F6122_7_B_21,7,B,21,F61,22,2022-01-01
F6122_7_B_22,7,B,22,F61,22,2022-01-01
F6122_7_B_23,7,B,23,F61,22,2022-01-01
F6122_7_B_24,7,B,24,F61,22,2022-01-01
F6122_7_B_25,7,B,25,F61,22,2022-01-01
F6122_7_B_26,7,B,26,F61,22,2022-01-01
F6122_7_B_27,7,B,27,F61,22,2022-01-01
F6122_7_B_28,7,B,28,F61,22,2022-01-01
F6122_7_B_29,7,B,29,F61,22,2022-01-01
F6122_7_B_3,7,B,3,F61,22,2022-01-01
F6122_7_B_30,7,B,30,F61,22,2022-01-01
F6122_7_B_31,7,B,31,F61,22,2022-01-01
F6122_7_B_32,7,B,32,F61,22,2022-01-01
F6122_7_B_33,7,B,33,F61,22,2022-01-01
F6122_7_B_34,7,B,34,F61,22,2022-01-01
F6122_7_B_35,7,B,35,F61,22,2022-01-01
F6122_7_B_36,7,B,36,F61,22,2022-01-01
F6122_7_B_37,7,B,37,F61,22,2022-01-01
F6122_7_B_38,7,B,38,F61,22,2022-01-01
F6122_7_B_39,7,B,39,F61,22,2022-01-01
F6122_7_B_4,7,B,4,F61,22,2022-01-01
F6122_7_B_40,7,B,40,F61,22,2022-01-01
F6122_7_B_41,7,B,41,F61,22,2022-01-01
F6122_7_B_42,7,B,42,F61,22,2022-01-01
F6122_7_B_43,7,B,43,F61,22,2022-01-01
F6122_7_B_44,7,B,44,F61,22,2022-01-01
F6122_7_B_45,7,B,45,F61,22,2022-01-01
F6122_7_B_46,7,B,46,F61,22,2022-01-01
F6122_7_B_47,7,B,47,F61,22,2022-01-01
F6122_7_B_48,7,B,48,F61,22,2022-01-01
F6122_7_B_49,7,B,49,F61,22,2022-01-01
F6122_7_B_5,7,B,5,F61,22,2022-01-01
F6122_7_B_50,7,B,50,F61,22,2022-01-01
F6122_7_B_6,7,B,6,F61,22,2022-01-01
F6122_7_B_7,7,B,7,F61,22,2022-01-01
F6122_7_B_8,7,B,8,F61,22,2022-01-01
F6122_7_B_9,7,B,9,F61,22,2022-01-01
F6122_7_C_1,7,C,1,F61,22,2022-01-01
F6122_7_C_10,7,C,10,F61,22,2022-01-01
F6122_7_C_11,7,C,11,F61,22,2022-01-01
F6122_7_C_12,7,C,12,F61,22,2022-01-01
F6122_7_C_13,7,C,13,F61,22,2022-01-01
F6122_7_C_14,7,C,14,F61,22,2022-01-01
F6122_7_C_15,7,C,15,F61,22,2022-01-01
F6122_7_C_16,7,C,16,F61,22,2022-01-01
F6122_7_C_17,7,C,17,F61,22,2022-01-01
F6122_7_C_18,7,C,18,F61,22,2022-01-01
F6122_7_C_19,7,C,19,F61,22,2022-01-01
F6122_7_C_2,7,C,2,F61,22,2022-01-01
F6122_7_C_20,7,C,20,F61,22,2022-01-01
F6122_7_C_21,7,C,21,F61,22,2022-01-01
F6122_7_C_22,7,C,22,F61,22,2022-01-01
F6122_7_C_23,7,C,23,F61,22,2022-01-01
F6122_7_C_24,7,C,24,F61,22,2022-01-01
F6122_7_C_25,7,C,25,F61,22,2022-01-01
F6122_7_C_26,7,C,26,F61,22,2022-01-01
F6122_7_C_27,7,C,27,F61,22,2022-01-01
F6122_7_C_28,7,C,28,F61,22,2022-01-01
F6122_7_C_29,7,C,29,F61,22,2022-01-01
F6122_7_C_3,7,C,3,F61,22,2022-01-01
F6122_7_C_30,7,C,30,F61,22,2022-01-01
F6122_7_C_31,7,C,31,F61,22,2022-01-01
F6122_7_C_32,7,C,32,F61,22,2022-01-01
F6122_7_C_33,7,C,33,F61,22,2022-01-01
F6122_7_C_34,7,C,34,F61,22,2022-01-01
F6122_7_C_35,7,C,35,F61,22,2022-01-01
F6122_7_C_36,7,C,36,F61,22,2022-01-01
F6122_7_C_37,7,C,37,F61,22,2022-01-01
F6122_7_C_38,7,C,38,F61,22,2022-01-01
F6122_7_C_39,7,C,39,F61,22,2022-01-01
F6122_7_C_4,7,C,4,F61,22,2022-01-01
F6122_7_C_40,7,C,40,F61,22,2022-01-01
F6122_7_C_41,7,C,41,F61,22,2022-01-01
F6122_7_C_42,7,C,42,F61,22,2022-01-01
F6122_7_C_43,7,C,43,F61,22,2022-01-01
F6122_7_C_44,7,C,44,F61,22,2022-01-01
F6122_7_C_45,7,C,45,F61,22,2022-01-01
F6122_7_C_46,7,C,46,F61,22,2022-01-01
F6122_7_C_47,7,C,47,F61,22,2022-01-01
F6122_7_C_48,7,C,48,F61,22,2022-01-01
F6122_7_C_49,7,C,49,F61,22,2022-01-01
F6122_7_C_5,7,C,5,F61,22,2022-01-01
F6122_7_C_50,7,C,50,F61,22,2022-01-01
F6122_7_C_6,7,C,6,F61,22,2022-01-01
F6122_7_C_7,7,C,7,F61,22,2022-01-01
F6122_7_C_8,7,C,8,F61,22,2022-01-01
F6122_7_C_9,7,C,9,F61,22,2022-01-01
F6122_7_D_1,7,D,1,F61,22,2022-01-01
F6122_7_D_2,7,D,2,F61,22,2022-01-01
F6122_7_D_3,7,D,3,F61,22,2022-01-01
F6122_7_D_4,7,D,4,F61,22,2022-01-01
F6122_7_D_5,7,D,5,F61,22,2022-01-01
F6122_8_A_1,8,A,1,F61,22,2022-01-01
F6122_8_A_10,8,A,10,F61,22,2022-01-01
F6122_8_A_11,8,A,11,F61,22,2022-01-01
F6122_8_A_12,8,A,12,F61,22,2022-01-01
F6122_8_A_13,8,A,13,F61,22,2022-01-01
F6122_8_A_14,8,A,14,F61,22,2022-01-01
F6122_8_A_15,8,A,15,F61,22,2022-01-01
F6122_8_A_2,8,A,2,F61,22,2022-01-01
F6122_8_A_3,8,A,3,F61,22,2022-01-01
F6122_8_A_4,8,A,4,F61,22,2022-01-01
F6122_8_A_5,8,A,5,F61,22,2022-01-01
F6122_8_A_6,8,A,6,F61,22,2022-01-01
F6122_8_A_7,8,A,7,F61,22,2022-01-01
F6122_8_A_8,8,A,8,F61,22,2022-01-01
F6122_8_A_9,8,A,9,F61,22,2022-01-01
F6122_8_B_1,8,B,1,F61,22,2022-01-01
F6122_8_B_10,8,B,10,F61,22,2022-01-01
F6122_8_B_11,8,B,11,F61,22,2022-01-01
F6122_8_B_12,8,B,12,F61,22,2022-01-01
F6122_8_B_13,8,B,13,F61,22,2022-01-01
F6122_8_B_14,8,B,14,F61,22,2022-01-01
F6122_8_B_15,8,B,15,F61,22,2022-01-01
F6122_8_B_16,8,B,16,F61,22,2022-01-01
F6122_8_B_17,8,B,17,F61,22,2022-01-01
F6122_8_B_18,8,B,18,F61,22,2022-01-01
F6122_8_B_19,8,B,19,F61,22,2022-01-01
F6122_8_B_2,8,B,2,F61,22,2022-01-01
F6122_8_B_20,8,B,20,F61,22,2022-01-01
F6122_8_B_21,8,B,21,F61,22,2022-01-01
F6122_8_B_22,8,B,22,F61,22,2022-01-01
F6122_8_B_23,8,B,23,F61,22,2022-01-01
F6122_8_B_24,8,B,24,F61,22,2022-01-01
F6122_8_B_25,8,B,25,F61,22,2022-01-01
F6122_8_B_26,8,B,26,F61,22,2022-01-01
F6122_8_B_27,8,B,27,F61,22,2022-01-01
F6122_8_B_28,8,B,28,F61,22,2022-01-01
F6122_8_B_29,8,B,29,F61,22,2022-01-01
F6122_8_B_3,8,B,3,F61,22,2022-01-01
F6122_8_B_30,8,B,30,F61,22,2022-01-01
F6122_8_B_31,8,B,31,F61,22,2022-01-01
F6122_8_B_32,8,B,32,F61,22,2022-01-01
F6122_8_B_33,8,B,33,F61,22,2022-01-01
F6122_8_B_34,8,B,34,F61,22,2022-01-01
F6122_8_B_35,8,B,35,F61,22,2022-01-01
F6122_8_B_36,8,B,36,F61,22,2022-01-01
F6122_8_B_37,8,B,37,F61,22,2022-01-01
F6122_8_B_38,8,B,38,F61,22,2022-01-01
F6122_8_B_39,8,B,39,F61,22,2022-01-01
F6122_8_B_4,8,B,4,F61,22,2022-01-01
F6122_8_B_40,8,B,40,F61,22,2022-01-01
F6122_8_B_41,8,B,41,F61,22,2022-01-01
F6122_8_B_42,8,B,42,F61,22,2022-01-01
F6122_8_B_43,8,B,43,F61,22,2022-01-01
F6122_8_B_44,8,B,44,F61,22,2022-01-01
F6122_8_B_45,8,B,45,F61,22,2022-01-01
F6122_8_B_46,8,B,46,F61,22,2022-01-01
F6122_8_B_47,8,B,47,F61,22,2022-01-01
F6122_8_B_48,8,B,48,F61,22,2022-01-01
F6122_8_B_49,8,B,49,F61,22,2022-01-01
F6122_8_B_5,8,B,5,F61,22,2022-01-01
F6122_8_B_50,8,B,50,F61,22,2022-01-01
F6122_8_B_6,8,B,6,F61,22,2022-01-01
F6122_8_B_7,8,B,7,F61,22,2022-01-01
F6122_8_B_8,8,B,8,F61,22,2022-01-01
F6122_8_B_9,8,B,9,F61,22,2022-01-01
F6122_8_C_1,8,C,1,F61,22,2022-01-01
F6122_8_C_10,8,C,10,F61,22,2022-01-01
F6122_8_C_11,8,C,11,F61,22,2022-01-01
F6122_8_C_12,8,C,12,F61,22,2022-01-01
F6122_8_C_13,8,C,13,F61,22,2022-01-01
F6122_8_C_14,8,C,14,F61,22,2022-01-01
F6122_8_C_15,8,C,15,F61,22,2022-01-01
F6122_8_C_16,8,C,16,F61,22,2022-01-01
F6122_8_C_17,8,C,17,F61,22,2022-01-01
F6122_8_C_18,8,C,18,F61,22,2022-01-01
F6122_8_C_19,8,C,19,F61,22,2022-01-01
F6122_8_C_2,8,C,2,F61,22,2022-01-01
F6122_8_C_20,8,C,20,F61,22,2022-01-01
F6122_8_C_21,8,C,21,F61,22,2022-01-01
F6122_8_C_22,8,C,22,F61,22,2022-01-01
F6122_8_C_23,8,C,23,F61,22,2022-01-01
F6122_8_C_24,8,C,24,F61,22,2022-01-01
F6122_8_C_25,8,C,25,F61,22,2022-01-01
F6122_8_C_26,8,C,26,F61,22,2022-01-01
F6122_8_C_27,8,C,27,F61,22,2022-01-01
F6122_8_C_28,8,C,28,F61,22,2022-01-01
F6122_8_C_29,8,C,29,F61,22,2022-01-01
F6122_8_C_3,8,C,3,F61,22,2022-01-01
F6122_8_C_30,8,C,30,F61,22,2022-01-01
F6122_8_C_31,8,C,31,F61,22,2022-01-01
F6122_8_C_32,8,C,32,F61,22,2022-01-01
F6122_8_C_33,8,C,33,F61,22,2022-01-01
F6122_8_C_34,8,C,34,F61,22,2022-01-01
F6122_8_C_35,8,C,35,F61,22,2022-01-01
F6122_8_C_36,8,C,36,F61,22,2022-01-01
F6122_8_C_37,8,C,37,F61,22,2022-01-01
F6122_8_C_38,8,C,38,F61,22,2022-01-01
F6122_8_C_39,8,C,39,F61,22,2022-01-01
F6122_8_C_4,8,C,4,F61,22,2022-01-01
F6122_8_C_40,8,C,40,F61,22,2022-01-01
F6122_8_C_41,8,C,41,F61,22,2022-01-01
F6122_8_C_42,8,C,42,F61,22,2022-01-01
F6122_8_C_43,8,C,43,F61,22,2022-01-01
F6122_8_C_44,8,C,44,F61,22,2022-01-01
F6122_8_C_45,8,C,45,F61,22,2022-01-01
F6122_8_C_46,8,C,46,F61,22,2022-01-01
F6122_8_C_47,8,C,47,F61,22,2022-01-01
F6122_8_C_48,8,C,48,F61,22,2022-01-01
F6122_8_C_49,8,C,49,F61,22,2022-01-01
F6122_8_C_5,8,C,5,F61,22,2022-01-01
F6122_8_C_50,8,C,50,F61,22,2022-01-01
F6122_8_C_6,8,C,6,F61,22,2022-01-01
F6122_8_C_7,8,C,7,F61,22,2022-01-01
F6122_8_C_8,8,C,8,F61,22,2022-01-01
F6122_8_C_9,8,C,9,F61,22,2022-01-01
F6122_8_D_1,8,D,1,F61,22,2022-01-01
F6122_8_D_10,8,D,10,F61,22,2022-01-01
F6122_8_D_11,8,D,11,F61,22,2022-01-01
F6122_8_D_12,8,D,12,F61,22,2022-01-01
F6122_8_D_13,8,D,13,F61,22,2022-01-01
F6122_8_D_14,8,D,14,F61,22,2022-01-01
F6122_8_D_15,8,D,15,F61,22,2022-01-01
F6122_8_D_2,8,D,2,F61,22,2022-01-01
F6122_8_D_3,8,D,3,F61,22,2022-01-01
F6122_8_D_4,8,D,4,F61,22,2022-01-01
F6122_8_D_5,8,D,5,F61,22,2022-01-01
F6122_8_D_6,8,D,6,F61,22,2022-01-01
F6122_8_D_7,8,D,7,F61,22,2022-01-01
F6122_8_D_8,8,D,8,F61,22,2022-01-01
F6122_8_D_9,8,D,9,F61,22,2022-01-01
F6122_9_A_1,9,A,1,F61,22,2022-01-01
F6122_9_B_1,9,B,1,F61,22,2022-01-01
F6122_9_B_10,9,B,10,F61,22,2022-01-01
F6122_9_B_11,9,B,11,F61,22,2022-01-01
F6122_9_B_12,9,B,12,F61,22,2022-01-01
F6122_9_B_13,9,B,13,F61,22,2022-01-01
F6122_9_B_14,9,B,14,F61,22,2022-01-01
F6122_9_B_15,9,B,15,F61,22,2022-01-01
F6122_9_B_16,9,B,16,F61,22,2022-01-01
F6122_9_B_17,9,B,17,F61,22,2022-01-01
F6122_9_B_18,9,B,18,F61,22,2022-01-01
F6122_9_B_19,9,B,19,F61,22,2022-01-01
F6122_9_B_2,9,B,2,F61,22,2022-01-01
F6122_9_B_20,9,B,20,F61,22,2022-01-01
F6122_9_B_21,9,B,21,F61,22,2022-01-01
F6122_9_B_22,9,B,22,F61,22,2022-01-01
F6122_9_B_23,9,B,23,F61,22,2022-01-01
F6122_9_B_24,9,B,24,F61,22,2022-01-01
F6122_9_B_25,9,B,25,F61,22,2022-01-01
F6122_9_B_26,9,B,26,F61,22,2022-01-01
F6122_9_B_27,9,B,27,F61,22,2022-01-01
F6122_9_B_28,9,B,28,F61,22,2022-01-01
F6122_9_B_29,9,B,29,F61,22,2022-01-01
F6122_9_B_3,9,B,3,F61,22,2022-01-01
F6122_9_B_30,9,B,30,F61,22,2022-01-01
F6122_9_B_31,9,B,31,F61,22,2022-01-01
F6122_9_B_32,9,B,32,F61,22,2022-01-01
F6122_9_B_33,9,B,33,F61,22,2022-01-01
F6122_9_B_34,9,B,34,F61,22,2022-01-01
F6122_9_B_35,9,B,35,F61,22,2022-01-01
F6122_9_B_36,9,B,36,F61,22,2022-01-01
F6122_9_B_37,9,B,37,F61,22,2022-01-01
F6122_9_B_38,9,B,38,F61,22,2022-01-01
F6122_9_B_39,9,B,39,F61,22,2022-01-01
F6122_9_B_4,9,B,4,F61,22,2022-01-01
F6122_9_B_40,9,B,40,F61,22,2022-01-01
F6122_9_B_41,9,B,41,F61,22,2022-01-01
F6122_9_B_42,9,B,42,F61,22,2022-01-01
F6122_9_B_43,9,B,43,F61,22,2022-01-01
F6122_9_B_44,9,B,44,F61,22,2022-01-01
F6122_9_B_45,9,B,45,F61,22,2022-01-01
F6122_9_B_46,9,B,46,F61,22,2022-01-01
F6122_9_B_5,9,B,5,F61,22,2022-01-01
F6122_9_B_6,9,B,6,F61,22,2022-01-01
F6122_9_B_7,9,B,7,F61,22,2022-01-01
F6122_9_B_8,9,B,8,F61,22,2022-01-01
F6122_9_B_9,9,B,9,F61,22,2022-01-01
F6122_9_C_1,9,C,1,F61,22,2022-01-01
F6122_9_C_10,9,C,10,F61,22,2022-01-01
F6122_9_C_11,9,C,11,F61,22,2022-01-01
F6122_9_C_12,9,C,12,F61,22,2022-01-01
F6122_9_C_13,9,C,13,F61,22,2022-01-01
F6122_9_C_14,9,C,14,F61,22,2022-01-01
F6122_9_C_15,9,C,15,F61,22,2022-01-01
F6122_9_C_16,9,C,16,F61,22,2022-01-01
F6122_9_C_17,9,C,17,F61,22,2022-01-01
F6122_9_C_18,9,C,18,F61,22,2022-01-01
F6122_9_C_19,9,C,19,F61,22,2022-01-01
F6122_9_C_2,9,C,2,F61,22,2022-01-01
F6122_9_C_20,9,C,20,F61,22,2022-01-01
F6122_9_C_21,9,C,21,F61,22,2022-01-01
F6122_9_C_22,9,C,22,F61,22,2022-01-01
F6122_9_C_23,9,C,23,F61,22,2022-01-01
F6122_9_C_24,9,C,24,F61,22,2022-01-01
F6122_9_C_25,9,C,25,F61,22,2022-01-01
F6122_9_C_26,9,C,26,F61,22,2022-01-01
F6122_9_C_27,9,C,27,F61,22,2022-01-01
F6122_9_C_28,9,C,28,F61,22,2022-01-01
F6122_9_C_29,9,C,29,F61,22,2022-01-01
F6122_9_C_3,9,C,3,F61,22,2022-01-01
F6122_9_C_30,9,C,30,F61,22,2022-01-01
F6122_9_C_31,9,C,31,F61,22,2022-01-01
F6122_9_C_32,9,C,32,F61,22,2022-01-01
F6122_9_C_33,9,C,33,F61,22,2022-01-01
F6122_9_C_34,9,C,34,F61,22,2022-01-01
F6122_9_C_35,9,C,35,F61,22,2022-01-01
F6122_9_C_36,9,C,36,F61,22,2022-01-01
F6122_9_C_37,9,C,37,F61,22,2022-01-01
F6122_9_C_38,9,C,38,F61,22,2022-01-01
F6122_9_C_39,9,C,39,F61,22,2022-01-01
F6122_9_C_4,9,C,4,F61,22,2022-01-01
F6122_9_C_40,9,C,40,F61,22,2022-01-01
F6122_9_C_41,9,C,41,F61,22,2022-01-01
F6122_9_C_42,9,C,42,F61,22,2022-01-01
F6122_9_C_43,9,C,43,F61,22,2022-01-01
F6122_9_C_44,9,C,44,F61,22,2022-01-01
F6122_9_C_45,9,C,45,F61,22,2022-01-01
F6122_9_C_46,9,C,46,F61,22,2022-01-01
F6122_9_C_47,9,C,47,F61,22,2022-01-01
F6122_9_C_48,9,C,48,F61,22,2022-01-01
F6122_9_C_49,9,C,49,F61,22,2022-01-01
F6122_9_C_5,9,C,5,F61,22,2022-01-01
F6122_9_C_50,9,C,50,F61,22,2022-01-01
F6122_9_C_6,9,C,6,F61,22,2022-01-01
F6122_9_C_7,9,C,7,F61,22,2022-01-01
F6122_9_C_8,9,C,8,F61,22,2022-01-01
F6122_9_C_9,9,C,9,F61,22,2022-01-01
F6122_9_D_1,9,D,1,F61,22,2022-01-01
F6122_9_D_10,9,D,10,F61,22,2022-01-01
F6122_9_D_11,9,D,11,F61,22,2022-01-01
F6122_9_D_12,9,D,12,F61,22,2022-01-01
F6122_9_D_13,9,D,13,F61,22,2022-01-01
F6122_9_D_14,9,D,14,F61,22,2022-01-01
F6122_9_D_15,9,D,15,F61,22,2022-01-01
F6122_9_D_16,9,D,16,F61,22,2022-01-01
F6122_9_D_17,9,D,17,F61,22,2022-01-01
F6122_9_D_18,9,D,18,F61,22,2022-01-01
F6122_9_D_19,9,D,19,F61,22,2022-01-01
F6122_9_D_2,9,D,2,F61,22,2022-01-01
F6122_9_D_20,9,D,20,F61,22,2022-01-01
F6122_9_D_21,9,D,21,F61,22,2022-01-01
F6122_9_D_22,9,D,22,F61,22,2022-01-01
F6122_9_D_23,9,D,23,F61,22,2022-01-01
F6122_9_D_24,9,D,24,F61,22,2022-01-01
F6122_9_D_25,9,D,25,F61,22,2022-01-01
F6122_9_D_26,9,D,26,F61,22,2022-01-01
F6122_9_D_27,9,D,27,F61,22,2022-01-01
F6122_9_D_28,9,D,28,F61,22,2022-01-01
F6122_9_D_29,9,D,29,F61,22,2022-01-01
F6122_9_D_3,9,D,3,F61,22,2022-01-01
F6122_9_D_30,9,D,30,F61,22,2022-01-01
F6122_9_D_31,9,D,31,F61,22,2022-01-01
F6122_9_D_32,9,D,32,F61,22,2022-01-01
F6122_9_D_33,9,D,33,F61,22,2022-01-01
F6122_9_D_34,9,D,34,F61,22,2022-01-01
F6122_9_D_35,9,D,35,F61,22,2022-01-01
F6122_9_D_36,9,D,36,F61,22,2022-01-01
F6122_9_D_37,9,D,37,F61,22,2022-01-01
F6122_9_D_38,9,D,38,F61,22,2022-01-01
F6122_9_D_39,9,D,39,F61,22,2022-01-01
F6122_9_D_4,9,D,4,F61,22,2022-01-01
F6122_9_D_40,9,D,40,F61,22,2022-01-01
F6122_9_D_41,9,D,41,F61,22,2022-01-01
F6122_9_D_5,9,D,5,F61,22,2022-01-01
F6122_9_D_6,9,D,6,F61,22,2022-01-01
F6122_9_D_7,9,D,7,F61,22,2022-01-01
F6122_9_D_8,9,D,8,F61,22,2022-01-01
F6122_9_D_9,9,D,9,F61,22,2022-01-01
KNL22_10_C_3,10,C,3,KNL,22,2022-01-01
KNL22_10_D_1,10,D,1,KNL,22,2022-01-01
KNL22_7_C_1,7,C,1,KNL,22,2022-01-01
KNL22_7_C_2,7,C,2,KNL,22,2022-01-01
KNL22_7_C_3,7,C,3,KNL,22,2022-01-01
KNL22_7_C_4,7,C,4,KNL,22,2022-01-01
KNL22_7_C_5,7,C,5,KNL,22,2022-01-01
KNL22_7_C_6,7,C,6,KNL,22,2022-01-01
KNL22_7_D_1,7,D,1,KNL,22,2022-01-01
MIL22_10_B_1,10,B,1,MIL,22,2022-01-01
MIL22_10_B_2,10,B,2,MIL,22,2022-01-01
MIL22_10_C_1,10,C,1,MIL,22,2022-01-01
MIL22_10_C_2,10,C,2,MIL,22,2022-01-01
MIL22_3_A_1,3,A,1,MIL,22,2022-01-01
MIL22_3_A_2,3,A,2,MIL,22,2022-01-01
MIL22_3_A_3,3,A,3,MIL,22,2022-01-01
MIL22_3_A_4,3,A,4,MIL,22,2022-01-01
MIL22_3_A_5,3,A,5,MIL,22,2022-01-01
MIL22_3_A_6,3,A,6,MIL,22,2022-01-01
MIL22_3_A_7,3,A,7,MIL,22,2022-01-01
MIL22_3_A_8,3,A,8,MIL,22,2022-01-01
MIL22_4_A_1,4,A,1,MIL,22,2022-01-01
MIL22_4_A_2,4,A,2,MIL,22,2022-01-01
MIL22_4_A_3,4,A,3,MIL,22,2022-01-01
MIL22_4_A_4,4,A,4,MIL,22,2022-01-01
MIL22_4_A_5,4,A,5,MIL,22,2022-01-01
MIL22_4_A_6,4,A,6,MIL,22,2022-01-01
MIL22_4_A_7,4,A,7,MIL,22,2022-01-01
MIL22_4_A_8,4,A,8,MIL,22,2022-01-01
MIL22_5_A_1,5,A,1,MIL,22,2022-01-01
MIL22_5_A_2,5,A,2,MIL,22,2022-01-01
MIL22_5_A_3,5,A,3,MIL,22,2022-01-01
MIL22_5_A_4,5,A,4,MIL,22,2022-01-01
MIL22_5_A_5,5,A,5,MIL,22,2022-01-01
MIL22_5_A_6,5,A,6,MIL,22,2022-01-01
MIL22_5_A_7,5,A,7,MIL,22,2022-01-01
MIL22_5_A_8,5,A,8,MIL,22,2022-01-01
MIL22_5_B_1,5,B,1,MIL,22,2022-01-01
MIL22_6_A_1,6,A,1,MIL,22,2022-01-01
MIL22_6_A_2,6,A,2,MIL,22,2022-01-01
MIL22_6_A_3,6,A,3,MIL,22,2022-01-01
MIL22_6_A_4,6,A,4,MIL,22,2022-01-01
MIL22_6_A_5,6,A,5,MIL,22,2022-01-01
MIL22_6_A_6,6,A,6,MIL,22,2022-01-01
MIL22_6_A_7,6,A,7,MIL,22,2022-01-01
MIL22_6_A_8,6,A,8,MIL,22,2022-01-01
MIL22_6_B_1,6,B,1,MIL,22,2022-01-01
MIL22_6_B_2,6,B,2,MIL,22,2022-01-01
MIL22_6_B_3,6,B,3,MIL,22,2022-01-01
MIL22_6_C_1,6,C,1,MIL,22,2022-01-01
MIL22_6_C_2,6,C,2,MIL,22,2022-01-01
MIL22_9_A_7,9,A,7,MIL,22,2022-01-01
MIL22_9_B_1,9,B,1,MIL,22,2022-01-01
MIL22_9_B_2,9,B,2,MIL,22,2022-01-01
MIL22_9_B_3,9,B,3,MIL,22,2022-01-01
MIL22_9_B_4,9,B,4,MIL,22,2022-01-01
MIL22_9_B_5,9,B,5,MIL,22,2022-01-01
MIL22_9_B_6,9,B,6,MIL,22,2022-01-01
MIL22_9_B_7,9,B,7,MIL,22,2022-01-01
MIL22_9_B_8,9,B,8,MIL,22,2022-01-01
MIL22_9_C_1,9,C,1,MIL,22,2022-01-01
MIL22_9_C_2,9,C,2,MIL,22,2022-01-01
MIL22_9_C_3,9,C,3,MIL,22,2022-01-01
MIL22_9_C_4,9,C,4,MIL,22,2022-01-01
MIL22_9_C_5,9,C,5,MIL,22,2022-01-01
MIL22_9_C_6,9,C,6,MIL,22,2022-01-01
MIL22_9_C_7,9,C,7,MIL,22,2022-01-01
MIL22_9_C_8,9,C,8,MIL,22,2022-01-01
MIL22_9_D_1,9,D,1,MIL,22,2022-01-01
MIL22_9_D_3,9,D,3,MIL,22,2022-01-01
MIL22_9_D_7,9,D,7,MIL,22,2022-01-01
TIS22_3_A_1,3,A,1,TIS,22,2022-01-01
TIS22_4_B_1,4,B,1,TIS,22,2022-01-01
TIS22_4_B_2,4,B,2,TIS,22,2022-01-01
TIS22_5_B_1,5,B,1,TIS,22,2022-01-01
TIS22_6_C_1,6,C,1,TIS,22,2022-01-01
TIS22_6_C_10,6,C,10,TIS,22,2022-01-01
TIS22_6_C_2,6,C,2,TIS,22,2022-01-01
TIS22_6_C_3,6,C,3,TIS,22,2022-01-01
TIS22_6_C_4,6,C,4,TIS,22,2022-01-01
TIS22_6_C_5,6,C,5,TIS,22,2022-01-01
TIS22_6_C_6,6,C,6,TIS,22,2022-01-01
TIS22_6_C_7,6,C,7,TIS,22,2022-01-01
TIS22_6_C_8,6,C,8,TIS,22,2022-01-01
TIS22_6_C_9,6,C,9,TIS,22,2022-01-01
TIS22_6_D_1,6,D,1,TIS,22,2022-01-01
TIS22_6_D_2,6,D,2,TIS,22,2022-01-01
TIS22_7_C_1,7,C,1,TIS,22,2022-01-01
TIS22_7_C_10,7,C,10,TIS,22,2022-01-01
TIS22_7_C_2,7,C,2,TIS,22,2022-01-01
TIS22_7_C_3,7,C,3,TIS,22,2022-01-01
TIS22_7_C_4,7,C,4,TIS,22,2022-01-01
TIS22_7_C_5,7,C,5,TIS,22,2022-01-01
TIS22_7_C_6,7,C,6,TIS,22,2022-01-01
TIS22_7_C_7,7,C,7,TIS,22,2022-01-01
TIS22_7_C_8,7,C,8,TIS,22,2022-01-01
TIS22_7_C_9,7,C,9,TIS,22,2022-01-01
TIS22_8_C_1,8,C,1,TIS,22,2022-01-01
TIS22_8_C_10,8,C,10,TIS,22,2022-01-01
TIS22_8_C_2,8,C,2,TIS,22,2022-01-01
TIS22_8_C_3,8,C,3,TIS,22,2022-01-01
TIS22_8_C_4,8,C,4,TIS,22,2022-01-01
TIS22_8_C_5,8,C,5,TIS,22,2022-01-01
TIS22_8_C_6,8,C,6,TIS,22,2022-01-01
TIS22_8_C_7,8,C,7,TIS,22,2022-01-01
TIS22_8_C_8,8,C,8,TIS,22,2022-01-01
TIS22_8_C_9,8,C,9,TIS,22,2022-01-01
TIS22_9_C_1,9,C,1,TIS,22,2022-01-01
TIS22_9_C_10,9,C,10,TIS,22,2022-01-01
TIS22_9_C_2,9,C,2,TIS,22,2022-01-01
TIS22_9_C_3,9,C,3,TIS,22,2022-01-01
TIS22_9_C_4,9,C,4,TIS,22,2022-01-01
TIS22_9_C_5,9,C,5,TIS,22,2022-01-01
TIS22_9_C_6,9,C,6,TIS,22,2022-01-01
TIS22_9_C_7,9,C,7,TIS,22,2022-01-01
TIS22_9_C_8,9,C,8,TIS,22,2022-01-01
TIS22_9_C_9,9,C,9,TIS,22,2022-01-01
TIS22_9_D_1,9,D,1,TIS,22,2022-01-01
TIS22_9_D_10,9,D,10,TIS,22,2022-01-01
TIS22_9_D_2,9,D,2,TIS,22,2022-01-01
TIS22_9_D_3,9,D,3,TIS,22,2022-01-01
TIS22_9_D_4,9,D,4,TIS,22,2022-01-01
TIS22_9_D_5,9,D,5,TIS,22,2022-01-01
TIS22_9_D_6,9,D,6,TIS,22,2022-01-01
TIS22_9_D_7,9,D,7,TIS,22,2022-01-01
TIS22_9_D_8,9,D,8,TIS,22,2022-01-01
TIS22_9_D_9,9,D,9,TIS,22,2022-01-01
